<Ui xmlns="http://www.blizzard.com/wow/ui/" xmlns:xsi="http://www.w3.org/2001/XMLSchema-instance" xsi:schemaLocation="http://www.blizzard.com/wow/ui/ ..FrameXMLUI.xsd">
	<Script file="Horde\Bustea's Horde Leveling guide\Freezy3 Undead Starter1-6.lua"/>
	<Script file="Horde\Bustea's Horde Leveling guide\Mulgore Tauren1-12.lua"/>
	<Script file="Horde\Bustea's Horde Leveling guide\Freezy3 Undead Starter6-12.lua"/>
	<Script file="Horde\Bustea's Horde Leveling guide\DSB's 1-13 Blood Elf.lua"/>
	<Script file="Horde\Bustea's Horde Leveling guide\Bustea's 58-60 leveling Boosted Characters.lua"/>
	<Script file="Horde\Ettern\Freezy3 Undead Starter6-12.lua"/>
	<Script file="Horde\Ettern\Freezy3 Undead Starter1-6.lua"/>
	<Script file="Horde\Ettern\Valley of Trials1-6.lua"/>
	<Script file="Horde\Ettern\Durotar6-12.lua"/>
	<Script file="Horde\Ouiwee\Tauren Horde1-12.lua"/>
	<Script file="Alliance\Hakurai - by Shikushiku\Elwynn Forest1-12.lua"/>
	<Script file="Alliance\Judgements Alliance Leveling Guide\Elwynn Forest1-10.lua"/>
	<Script file="Alliance\Judgements Alliance Leveling Guide\Darkshore Westfall Redridge10-20.lua"/>
	<Script file="Alliance\MarkyMark\Elwynn Forest1-5.lua"/>
	<Script file="Alliance\MarkyMark\Dun Morogh1-5.lua"/>
	<Script file="Alliance\MarkyMark\Teldrassil1-5.lua"/>
	<Script file="Alliance\MarkyMark\Elwynn Forest5-10.lua"/>
	<Script file="Alliance\MarkyMark\Dun Morogh_Loch Modan5-12.lua"/>
	<Script file="Alliance\MarkyMark\Teldrassil5-11.lua"/>
	<Script file="Alliance\MarkyMark\Dun Morogh_Loch Modan10-12.lua"/>
	<Script file="Alliance\Sage Guide\Elwynn Forest1-10.lua"/>
	<Script file="Alliance\Sage Guide\Dun Morogh1-10.lua"/>
	<Script file="Alliance\Sage Guide\Teldrassil1-11.lua"/>
	<Script file="Alliance\Sage Guide\Loch Modan10-12.lua"/>
	<Script file="Alliance\Boosted Characters\Sage_Guide_58-60_Boosted_Characters_Part_1.lua"/>
	<Script file="Alliance\Boosted Characters\Sage_Guide_58-60_Boosted_Characters_Part_2.lua"/>
	<Script file="Alliance\TUGs The Ultimate (Leveling) Guides\1-10Nightelf Starting Zone.lua"/>
	<Script file="Alliance\TUGs The Ultimate (Leveling) Guides\9-11Dun Morogh, Loch Modan.lua"/>
	<Script file="Alliance\TUGs The Ultimate (Leveling) Guides\1-9Human.lua"/>
	<Script file="Alliance\TUGs The Ultimate (Leveling) Guides\1-9Dwarf&amp;Gnome.lua"/>
	<Script file="Alliance\TUGs The Ultimate (Leveling) Guides\1-12Draenei.lua"/>
	<Script file="Alliance\ahmp\Teldrassil Trio Launch1-12.lua"/>
	<Script file="both\Class Quests- by Shikushiku\Undead Warlock Class Quest20-20.lua"/>
	<Script file="both\Class Quests- by Shikushiku\Warlock Class Quest20-20.lua"/>
	<Script file="Alliance\WillScarlettOhara\WillScarlettOhara_-_NElf_Hunter_1-6.lua"/>
	<Script file="Alliance\WillScarlettOhara\WillScarlettOhara_-_NElf_Hunter_6-12.lua"/>
	<Script file="both\Flymolos Outland Leveling Guide\Flymolo Alliance 58-61 - Part 1.lua"/>
	<Script file="both\Flymolos Outland Leveling Guide\Flymolo Horde 58-61 - Part 1.lua"/>
</Ui>
